,,,,,,,,,,,,,,,,,,,,,,,,,,,,,,,,,,,,,,,,,,,,,,,,,,,
,,,,,,,,,,,,,,,,,,,,,,,,,,,,,,,,,,,,,,,,,,,,,,,,,,,
,,,,,,,,,,,,,,,,,,,,,,,,,,,,,,,,,,,,,,,,,,,,,,,,,,,
,,,,,,,,,,,,,,,,,,A,,,,,,,,,,,,,,,,A,,,,,,,,,,,,,,,,,A
,,,,,,,,,,,,,,,,,F,F,F,,L,F,F,F,F,F,F,F,F,F,L,,F,F,F,,L,F,F,F,F,F,F,F,F,F,L,,F,F,F
,,,,,,,,,,,,,,,,,,,,,L,F,,,,,,,,F,L,,,,,,L,F,,,,,,,,F,L,,,,
,,,,,,,,,,,,,,,,,,,,,L,F,,,,,,,,F,L,,,,,,L,F,,,,,,,,F,L,,,,
,,,,,,,,,,,,,,,,,,,,,L,F,,,,,,,,F,L,,,,,,L,F,,,,,,,,F,L,,,,
,,,,,,,,,,,,,,,,,,,,,L,F,,,,,,,,F,L,,,,,,L,F,,,,,,,,F,L,,,,
,,,,,,,,,,,,,,,,,,,,,L,,,,,,,,,,L,,,,,,L,,,,,,,,,,L,,,,
,,,,,,,,,,,,,,,,,,,,,L,,,,,,,,,,L,,,,,,L,,,,,,,,,,L,,,,
,,,,,,,,,,,,,,,,,,A,,,L,,,,,,,,,,L,,,A,,,L,,,,,,,,,,L,,,,A
,,,,,,,,,,,,,,,,,F,F,F,,L,F,F,F,F,F,F,F,F,F,L,,F,F,F,,L,F,F,F,F,F,F,F,F,F,L,,F,F,F
,,,,,,,,,,,,,,,,,,,,,L,F,,,,,,,,F,L,,,,,,L,F,,,,,,,,F,L,,,,
,,,,,,,,,,,,,,,,,,,,,L,F,,,,,,,,F,L,,,,,,L,F,,,,,,,,F,L,,,,
,,,,,,,,,,,,,,,,,,,,,L,F,,,,,,,,F,L,,,,,,L,F,,,,,,,,F,L,,,,
,,,,,,,,,,,,,,,,,,,,,L,F,,,,,,,,F,L,,,,,,L,F,,,,,,,,F,L,,,,
,,,,,,,,,,,,,,,,,,,,,L,,,,,,,,,,L,,,,,,L,,,,,,,,,,L,,,,
,,,,,,,,,,,,,,,,,,,,,L,,,,,,,,,,L,,,,,,L,,,,,,,,,,L,,,,
,,,,,,,,,,,,,,,,,,A,,,L,,,,,,,,,,L,,,A,,,L,,,,,,,,,,L,,,,A
,,,,,,,,,,,,,,,,,F,F,F,,L,F,F,F,F,F,F,F,F,F,L,,F,F,F,,L,F,F,F,F,F,F,F,F,F,L,,F,F,F
,,,,,,,,,,,,,,,,,,,,,L,F,,,,,,,,F,L,,,,,,L,F,,,,,,,,F,L,,,,
,,,,,,,,,,,,,,,,,,,,,L,F,,,,,,,,F,L,,,,,,L,F,,,,,,,,F,L,,,,
,,,,,,,,,,,,,,,,,,,,,L,F,,,,,,,,F,L,,,,,,L,F,,,,,,,,F,L,,,,
,,,,,,,,,,,,,,,,,,,,,L,F,,,,,,,,F,L,,,,,,L,F,,,,,,,,F,L,,,,
,,,,,,,,,,,,,,,,,,,,,L,,,,,,,,,,L,,,,,,L,,,,,,,,,,L,,,,
,,,,,,,,,,,,,,,,,,,,,L,,,,,,,,,,L,,,,,,L,,,,,,,,,,L,,,,
,,,,,,,,,,,,,,,,,,A,,,L,,,,,,,,,,L,,,A,,,L,,,,,,,,,,L,,,,A
,,,,,,,,,,,,,,,,,F,F,F,,L,F,F,F,F,F,F,F,F,F,L,,F,F,F,,L,F,F,F,F,F,F,F,F,F,L,,F,F,F
,,,,,,,,,,,,,,,,,,,,,L,F,,,,,,,,F,L,,,,,,L,F,,,,,,,,F,L,,,,
,,,,,,,,,,,,,,,,,,,,,L,F,,,,,,,,F,L,,,,,,L,F,,,,,,,,F,L,,,,
,,,,,,,,,,,,,,,,,,,,,L,F,,,,,,,,F,L,,,,,,L,F,,,,,,,,F,L,,,,
,,,,,,,,,,,,,,,,,,,,,L,F,,,,,,,,F,L,,,,,,L,F,,,,,,,,F,L,,,,
,,,,,,,,,,,,,,,,,,,,,L,,,,,,,,,,L,,,,,,L,,,,,,,,,,L,,,,
,,,,,,,,,,,,,,,,,,,,,L,,,,,,,,,,L,,,,,,L,,,,,,,,,,L,,,,
,P,,,,,,,,,,,,,,,,,,,,L,,,,,,,,,,L,,,,,,L,,,,,,,,,,L,,,,A
F,F,F,F,F,F,F,F,F,F,F,F,F,F,F,F,F,F,F,F,F,F,F,F,F,F,F,F,F,F,F,F,F,F,F,F,F,F,F,F,F,F,F,F,F,F,F,F,F,F,F,F
F,F,F,F,F,F,F,F,F,F,F,F,F,F,F,F,F,F,F,F,F,F,F,F,F,F,F,F,F,F,F,F,F,F,F,F,F,F,F,F,F,F,F,F,F,F,F,F,F,F,F,F
